NODE_492_length_3943_cov_1398.312726|F	MN783093|k__Fungi;p__Ascomycota;c__Eurotiomycetes;o__Eurotiales;f__Aspergillaceae;g__Aspergillus;s__Aspergillus_chevalieri|SH1232286.10FU	100.00	465	0	0	1	465	59	523	0.0	859
NODE_492_length_3943_cov_1398.312726|F	PP124961|k__Fungi;p__Ascomycota;c__Eurotiomycetes;o__Eurotiales;f__Aspergillaceae;g__Aspergillus;s__Aspergillus_sp|SH1232286.10FU	100.00	465	0	0	1	465	57	521	0.0	859
NODE_492_length_3943_cov_1398.312726|F	PP126609|k__Fungi;p__Ascomycota;c__Eurotiomycetes;o__Eurotiales;f__Aspergillaceae;g__Aspergillus;s__Aspergillus_cristatus|SH1232286.10FU	100.00	465	0	0	1	465	21	485	0.0	859
NODE_492_length_3943_cov_1398.312726|F	PP126616|k__Fungi;p__Ascomycota;c__Eurotiomycetes;o__Eurotiales;f__Aspergillaceae;g__Aspergillus;s__Aspergillus_cristatus|SH1232286.10FU	100.00	465	0	0	1	465	21	485	0.0	859
NODE_492_length_3943_cov_1398.312726|F	PP126620|k__Fungi;p__Ascomycota;c__Eurotiomycetes;o__Eurotiales;f__Aspergillaceae;g__Aspergillus;s__Aspergillus_cristatus|SH1232286.10FU	100.00	465	0	0	1	465	17	481	0.0	859
NODE_492_length_3943_cov_1398.312726|F	PP126622|k__Fungi;p__Ascomycota;c__Eurotiomycetes;o__Eurotiales;f__Aspergillaceae;g__Aspergillus;s__Aspergillus_cristatus|SH1232286.10FU	100.00	465	0	0	1	465	19	483	0.0	859
NODE_492_length_3943_cov_1398.312726|F	KU060775|k__Fungi;p__Ascomycota;c__Eurotiomycetes;o__Eurotiales;f__Aspergillaceae;g__Aspergillus;s__Aspergillus_sp|SH1232286.10FU	100.00	465	0	0	1	465	22	486	0.0	859
NODE_492_length_3943_cov_1398.312726|F	KC834757|k__Fungi;p__Ascomycota;c__Eurotiomycetes;o__Eurotiales;f__Aspergillaceae;g__Eurotium;s__Eurotium_sp|SH1232286.10FU	100.00	465	0	0	1	465	20	484	0.0	859
NODE_492_length_3943_cov_1398.312726|F	ON705774|k__Fungi;p__Ascomycota;c__Eurotiomycetes;o__Eurotiales;f__Aspergillaceae;g__Aspergillus;s__Aspergillus_chevalieri|SH1232286.10FU	100.00	465	0	0	1	465	37	501	0.0	859
NODE_492_length_3943_cov_1398.312726|F	OR478693|k__Fungi;p__Ascomycota;c__Eurotiomycetes;o__Eurotiales;f__Aspergillaceae;g__Aspergillus;s__Aspergillus_chevalieri|SH1232286.10FU	100.00	465	0	0	1	465	42	506	0.0	859
NODE_492_length_3943_cov_1398.312726|F	OR478694|k__Fungi;p__Ascomycota;c__Eurotiomycetes;o__Eurotiales;f__Aspergillaceae;g__Aspergillus;s__Aspergillus_chevalieri|SH1232286.10FU	100.00	465	0	0	1	465	42	506	0.0	859
NODE_492_length_3943_cov_1398.312726|F	OR478695|k__Fungi;p__Ascomycota;c__Eurotiomycetes;o__Eurotiales;f__Aspergillaceae;g__Aspergillus;s__Aspergillus_chevalieri|SH1232286.10FU	100.00	465	0	0	1	465	42	506	0.0	859
NODE_492_length_3943_cov_1398.312726|F	OR478696|k__Fungi;p__Ascomycota;c__Eurotiomycetes;o__Eurotiales;f__Aspergillaceae;g__Aspergillus;s__Aspergillus_chevalieri|SH1232286.10FU	100.00	465	0	0	1	465	42	506	0.0	859
NODE_492_length_3943_cov_1398.312726|F	ON645257|k__Fungi;p__Ascomycota;c__Eurotiomycetes;o__Eurotiales;f__Aspergillaceae;g__Aspergillus;s__Aspergillus_chevalieri|SH1232286.10FU	100.00	465	0	0	1	465	35	499	0.0	859
NODE_492_length_3943_cov_1398.312726|F	ON645258|k__Fungi;p__Ascomycota;c__Eurotiomycetes;o__Eurotiales;f__Aspergillaceae;g__Aspergillus;s__Aspergillus_chevalieri|SH1232286.10FU	100.00	465	0	0	1	465	38	502	0.0	859
NODE_492_length_3943_cov_1398.312726|F	ON645259|k__Fungi;p__Ascomycota;c__Eurotiomycetes;o__Eurotiales;f__Aspergillaceae;g__Aspergillus;s__Aspergillus_cristatus|SH1232286.10FU	100.00	465	0	0	1	465	34	498	0.0	859
NODE_492_length_3943_cov_1398.312726|F	ON645260|k__Fungi;p__Ascomycota;c__Eurotiomycetes;o__Eurotiales;f__Aspergillaceae;g__Aspergillus;s__Aspergillus_cristatus|SH1232286.10FU	100.00	465	0	0	1	465	34	498	0.0	859
NODE_492_length_3943_cov_1398.312726|F	OP595962|k__Fungi;p__Ascomycota;c__Eurotiomycetes;o__Eurotiales;f__Aspergillaceae;g__Aspergillus;s__Aspergillus_montevidensis|SH1232286.10FU	100.00	465	0	0	1	465	140	604	0.0	859
NODE_492_length_3943_cov_1398.312726|F	OP595985|k__Fungi;p__Ascomycota;c__Eurotiomycetes;o__Eurotiales;f__Aspergillaceae;g__Aspergillus;s__Aspergillus_montevidensis|SH1232286.10FU	100.00	465	0	0	1	465	126	590	0.0	859
NODE_492_length_3943_cov_1398.312726|F	OP595986|k__Fungi;p__Ascomycota;c__Eurotiomycetes;o__Eurotiales;f__Aspergillaceae;g__Aspergillus;s__Aspergillus_montevidensis|SH1232286.10FU	100.00	465	0	0	1	465	126	590	0.0	859
NODE_492_length_3943_cov_1398.312726|F	OP595988|k__Fungi;p__Ascomycota;c__Eurotiomycetes;o__Eurotiales;f__Aspergillaceae;g__Aspergillus;s__Aspergillus_montevidensis|SH1232286.10FU	100.00	465	0	0	1	465	124	588	0.0	859
NODE_492_length_3943_cov_1398.312726|F	OP595996|k__Fungi;p__Ascomycota;c__Eurotiomycetes;o__Eurotiales;f__Aspergillaceae;g__Aspergillus;s__Aspergillus_montevidensis|SH1232286.10FU	100.00	465	0	0	1	465	137	601	0.0	859
NODE_492_length_3943_cov_1398.312726|F	OP595998|k__Fungi;p__Ascomycota;c__Eurotiomycetes;o__Eurotiales;f__Aspergillaceae;g__Aspergillus;s__Aspergillus_montevidensis|SH1232286.10FU	100.00	465	0	0	1	465	142	606	0.0	859
NODE_492_length_3943_cov_1398.312726|F	OP596035|k__Fungi;p__Ascomycota;c__Eurotiomycetes;o__Eurotiales;f__Aspergillaceae;g__Aspergillus;s__Aspergillus_chevalieri|SH1232286.10FU	100.00	465	0	0	1	465	90	554	0.0	859
NODE_492_length_3943_cov_1398.312726|F	OP596041|k__Fungi;p__Ascomycota;c__Eurotiomycetes;o__Eurotiales;f__Aspergillaceae;g__Aspergillus;s__Aspergillus_chevalieri|SH1232286.10FU	100.00	465	0	0	1	465	95	559	0.0	859
NODE_492_length_3943_cov_1398.312726|F	OP596042|k__Fungi;p__Ascomycota;c__Eurotiomycetes;o__Eurotiales;f__Aspergillaceae;g__Aspergillus;s__Aspergillus_montevidensis|SH1232286.10FU	100.00	465	0	0	1	465	96	560	0.0	859
NODE_492_length_3943_cov_1398.312726|F	OR501567|k__Fungi;p__Ascomycota;c__Eurotiomycetes;o__Eurotiales;f__Aspergillaceae;g__Aspergillus;s__Aspergillus_chevalieri|SH1232286.10FU	100.00	465	0	0	1	465	18	482	0.0	859
NODE_492_length_3943_cov_1398.312726|F	OR506175|k__Fungi;p__Ascomycota;c__Eurotiomycetes;o__Eurotiales;f__Aspergillaceae;g__Aspergillus;s__Aspergillus_sp|SH1232286.10FU	100.00	465	0	0	1	465	55	519	0.0	859
NODE_492_length_3943_cov_1398.312726|F	OR523287|k__Fungi;p__Ascomycota;c__Eurotiomycetes;o__Eurotiales;f__Aspergillaceae;g__Aspergillus;s__Aspergillus_cristatus|SH1232286.10FU	100.00	465	0	0	1	465	39	503	0.0	859
NODE_492_length_3943_cov_1398.312726|F	OR528596|k__Fungi;p__Ascomycota;c__Eurotiomycetes;o__Eurotiales;f__Aspergillaceae;g__Aspergillus;s__Aspergillus_chevalieri|SH1232286.10FU	100.00	465	0	0	1	465	6	470	0.0	859
NODE_492_length_3943_cov_1398.312726|F	OR569788|k__Fungi;p__Ascomycota;c__Eurotiomycetes;o__Eurotiales;f__Aspergillaceae;g__Aspergillus;s__Aspergillus_chevalieri|SH1232286.10FU	100.00	465	0	0	1	465	15	479	0.0	859
NODE_492_length_3943_cov_1398.312726|F	OR574242|k__Fungi;p__Ascomycota;c__Eurotiomycetes;o__Eurotiales;f__Aspergillaceae;g__Aspergillus;s__Aspergillus_chevalieri|SH1232286.10FU	100.00	465	0	0	1	465	17	481	0.0	859
NODE_492_length_3943_cov_1398.312726|F	OR574243|k__Fungi;p__Ascomycota;c__Eurotiomycetes;o__Eurotiales;f__Aspergillaceae;g__Aspergillus;s__Aspergillus_chevalieri|SH1232286.10FU	100.00	465	0	0	1	465	17	481	0.0	859
NODE_492_length_3943_cov_1398.312726|F	OR574244|k__Fungi;p__Ascomycota;c__Eurotiomycetes;o__Eurotiales;f__Aspergillaceae;g__Aspergillus;s__Aspergillus_chevalieri|SH1232286.10FU	100.00	465	0	0	1	465	17	481	0.0	859
NODE_492_length_3943_cov_1398.312726|F	OR574245|k__Fungi;p__Ascomycota;c__Eurotiomycetes;o__Eurotiales;f__Aspergillaceae;g__Aspergillus;s__Aspergillus_chevalieri|SH1232286.10FU	100.00	465	0	0	1	465	17	481	0.0	859
NODE_492_length_3943_cov_1398.312726|F	OR574246|k__Fungi;p__Ascomycota;c__Eurotiomycetes;o__Eurotiales;f__Aspergillaceae;g__Aspergillus;s__Aspergillus_chevalieri|SH1232286.10FU	100.00	465	0	0	1	465	17	481	0.0	859
NODE_492_length_3943_cov_1398.312726|F	OR574247|k__Fungi;p__Ascomycota;c__Eurotiomycetes;o__Eurotiales;f__Aspergillaceae;g__Aspergillus;s__Aspergillus_chevalieri|SH1232286.10FU	100.00	465	0	0	1	465	17	481	0.0	859
NODE_492_length_3943_cov_1398.312726|F	OR574248|k__Fungi;p__Ascomycota;c__Eurotiomycetes;o__Eurotiales;f__Aspergillaceae;g__Aspergillus;s__Aspergillus_chevalieri|SH1232286.10FU	100.00	465	0	0	1	465	17	481	0.0	859
NODE_492_length_3943_cov_1398.312726|F	OR574249|k__Fungi;p__Ascomycota;c__Eurotiomycetes;o__Eurotiales;f__Aspergillaceae;g__Aspergillus;s__Aspergillus_chevalieri|SH1232286.10FU	100.00	465	0	0	1	465	17	481	0.0	859
NODE_492_length_3943_cov_1398.312726|F	OR574250|k__Fungi;p__Ascomycota;c__Eurotiomycetes;o__Eurotiales;f__Aspergillaceae;g__Aspergillus;s__Aspergillus_chevalieri|SH1232286.10FU	100.00	465	0	0	1	465	17	481	0.0	859
NODE_492_length_3943_cov_1398.312726|F	OR574251|k__Fungi;p__Ascomycota;c__Eurotiomycetes;o__Eurotiales;f__Aspergillaceae;g__Aspergillus;s__Aspergillus_chevalieri|SH1232286.10FU	100.00	465	0	0	1	465	17	481	0.0	859
NODE_492_length_3943_cov_1398.312726|F	OR574252|k__Fungi;p__Ascomycota;c__Eurotiomycetes;o__Eurotiales;f__Aspergillaceae;g__Aspergillus;s__Aspergillus_chevalieri|SH1232286.10FU	100.00	465	0	0	1	465	17	481	0.0	859
NODE_492_length_3943_cov_1398.312726|F	OR625100|k__Fungi;p__Ascomycota;c__Eurotiomycetes;o__Eurotiales;f__Aspergillaceae;g__Aspergillus;s__Aspergillus_chevalieri|SH1232286.10FU	100.00	465	0	0	1	465	18	482	0.0	859
NODE_492_length_3943_cov_1398.312726|F	OR625106|k__Fungi;p__Ascomycota;c__Eurotiomycetes;o__Eurotiales;f__Aspergillaceae;g__Aspergillus;s__Aspergillus_chevalieri|SH1232286.10FU	100.00	465	0	0	1	465	6	470	0.0	859
NODE_492_length_3943_cov_1398.312726|F	OR625112|k__Fungi;p__Ascomycota;c__Eurotiomycetes;o__Eurotiales;f__Aspergillaceae;g__Aspergillus;s__Aspergillus_chevalieri|SH1232286.10FU	100.00	465	0	0	1	465	18	482	0.0	859
NODE_492_length_3943_cov_1398.312726|F	OQ852934|k__Fungi;p__Ascomycota;c__Eurotiomycetes;o__Eurotiales;f__Aspergillaceae;g__Aspergillus;s__Aspergillus_chevalieri|SH1232286.10FU	100.00	465	0	0	1	465	141	605	0.0	859
NODE_492_length_3943_cov_1398.312726|F	OR072735|k__Fungi;p__Ascomycota;c__Eurotiomycetes;o__Eurotiales;f__Aspergillaceae;g__Aspergillus;s__Aspergillus_sp|SH1232286.10FU	100.00	465	0	0	1	465	69	533	0.0	859
NODE_492_length_3943_cov_1398.312726|F	OR251903|k__Fungi;p__Ascomycota;c__Eurotiomycetes;o__Eurotiales;f__Aspergillaceae;g__Aspergillus;s__Aspergillus_montevidensis|SH1232286.10FU	100.00	465	0	0	1	465	35	499	0.0	859
NODE_492_length_3943_cov_1398.312726|F	OR251905|k__Fungi;p__Ascomycota;c__Eurotiomycetes;o__Eurotiales;f__Aspergillaceae;g__Aspergillus;s__Aspergillus_montevidensis|SH1232286.10FU	100.00	465	0	0	1	465	41	505	0.0	859
NODE_492_length_3943_cov_1398.312726|F	OR251908|k__Fungi;p__Ascomycota;c__Eurotiomycetes;o__Eurotiales;f__Aspergillaceae;g__Aspergillus;s__Aspergillus_montevidensis|SH1232286.10FU	100.00	465	0	0	1	465	42	506	0.0	859
NODE_492_length_3943_cov_1398.312726|F	OQ248144|k__Fungi;p__Ascomycota;c__Eurotiomycetes;o__Eurotiales;f__Aspergillaceae;g__Aspergillus;s__Aspergillus_chevalieri|SH1232286.10FU	100.00	465	0	0	1	465	12	476	0.0	859
NODE_492_length_3943_cov_1398.312726|F	OQ282961|k__Fungi;p__Ascomycota;c__Eurotiomycetes;o__Eurotiales;f__Aspergillaceae;g__Aspergillus;s__Aspergillus_sp|SH1232286.10FU	100.00	465	0	0	1	465	45	509	0.0	859
NODE_492_length_3943_cov_1398.312726|F	OQ421640|k__Fungi;p__Ascomycota;c__Eurotiomycetes;o__Eurotiales;f__Aspergillaceae;g__Aspergillus;s__Aspergillus_ruber|SH1232286.10FU	100.00	465	0	0	1	465	34	498	0.0	859
NODE_492_length_3943_cov_1398.312726|F	OP593083|k__Fungi;p__Ascomycota;c__Eurotiomycetes;o__Eurotiales;f__Aspergillaceae;g__Aspergillus;s__Aspergillus_chevalieri|SH1232286.10FU	100.00	465	0	0	1	465	40	504	0.0	859
NODE_492_length_3943_cov_1398.312726|F	OQ028233|k__Fungi;p__Ascomycota;c__Eurotiomycetes;o__Eurotiales;f__Aspergillaceae;g__Aspergillus;s__Aspergillus_sp|SH1232286.10FU	100.00	465	0	0	1	465	23	487	0.0	859
NODE_492_length_3943_cov_1398.312726|F	OW987668|k__Fungi;p__Ascomycota;c__Eurotiomycetes;o__Eurotiales;f__Aspergillaceae;g__Aspergillus;s__Aspergillus_montevidensis|SH1232286.10FU	100.00	465	0	0	1	465	44	508	0.0	859
NODE_492_length_3943_cov_1398.312726|F	OW987704|k__Fungi;p__Ascomycota;c__Eurotiomycetes;o__Eurotiales;f__Aspergillaceae;g__Aspergillus;s__Aspergillus_montevidensis|SH1232286.10FU	100.00	465	0	0	1	465	44	508	0.0	859
NODE_492_length_3943_cov_1398.312726|F	OW987705|k__Fungi;p__Ascomycota;c__Eurotiomycetes;o__Eurotiales;f__Aspergillaceae;g__Aspergillus;s__Aspergillus_montevidensis|SH1232286.10FU	100.00	465	0	0	1	465	44	508	0.0	859
NODE_492_length_3943_cov_1398.312726|F	OW987707|k__Fungi;p__Ascomycota;c__Eurotiomycetes;o__Eurotiales;f__Aspergillaceae;g__Aspergillus;s__Aspergillus_chevalieri|SH1232286.10FU	100.00	465	0	0	1	465	44	508	0.0	859
NODE_492_length_3943_cov_1398.312726|F	OW982447|k__Fungi;p__Ascomycota;c__Eurotiomycetes;o__Eurotiales;f__Aspergillaceae;g__Aspergillus;s__Aspergillus_chevalieri|SH1232286.10FU	100.00	465	0	0	1	465	44	508	0.0	859
NODE_492_length_3943_cov_1398.312726|F	OW982449|k__Fungi;p__Ascomycota;c__Eurotiomycetes;o__Eurotiales;f__Aspergillaceae;g__Aspergillus;s__Aspergillus_montevidensis|SH1232286.10FU	100.00	465	0	0	1	465	42	506	0.0	859
NODE_492_length_3943_cov_1398.312726|F	OW982551|k__Fungi;p__Ascomycota;c__Eurotiomycetes;o__Eurotiales;f__Aspergillaceae;g__Aspergillus;s__Aspergillus_montevidensis|SH1232286.10FU	100.00	465	0	0	1	465	44	508	0.0	859
NODE_492_length_3943_cov_1398.312726|F	OW982552|k__Fungi;p__Ascomycota;c__Eurotiomycetes;o__Eurotiales;f__Aspergillaceae;g__Aspergillus;s__Aspergillus_chevalieri|SH1232286.10FU	100.00	465	0	0	1	465	44	508	0.0	859
NODE_492_length_3943_cov_1398.312726|F	OW982564|k__Fungi;p__Ascomycota;c__Eurotiomycetes;o__Eurotiales;f__Aspergillaceae;g__Aspergillus;s__Aspergillus_intermedius|SH1232286.10FU	100.00	465	0	0	1	465	46	510	0.0	859
NODE_492_length_3943_cov_1398.312726|F	OW982565|k__Fungi;p__Ascomycota;c__Eurotiomycetes;o__Eurotiales;f__Aspergillaceae;g__Aspergillus;s__Aspergillus_montevidensis|SH1232286.10FU	100.00	465	0	0	1	465	44	508	0.0	859
NODE_492_length_3943_cov_1398.312726|F	OW982618|k__Fungi;p__Ascomycota;c__Eurotiomycetes;o__Eurotiales;f__Aspergillaceae;g__Aspergillus;s__Aspergillus_montevidensis|SH1232286.10FU	100.00	465	0	0	1	465	44	508	0.0	859
NODE_492_length_3943_cov_1398.312726|F	OW982798|k__Fungi;p__Ascomycota;c__Eurotiomycetes;o__Eurotiales;f__Aspergillaceae;g__Aspergillus;s__Aspergillus_intermedius|SH1232286.10FU	100.00	465	0	0	1	465	46	510	0.0	859
NODE_492_length_3943_cov_1398.312726|F	OW982799|k__Fungi;p__Ascomycota;c__Eurotiomycetes;o__Eurotiales;f__Aspergillaceae;g__Aspergillus;s__Aspergillus_montevidensis|SH1232286.10FU	100.00	465	0	0	1	465	44	508	0.0	859
NODE_492_length_3943_cov_1398.312726|F	OW982817|k__Fungi;p__Ascomycota;c__Eurotiomycetes;o__Eurotiales;f__Aspergillaceae;g__Aspergillus;s__Aspergillus_cristatus|SH1232286.10FU	100.00	465	0	0	1	465	44	508	0.0	859
NODE_492_length_3943_cov_1398.312726|F	OW982818|k__Fungi;p__Ascomycota;c__Eurotiomycetes;o__Eurotiales;f__Aspergillaceae;g__Aspergillus;s__Aspergillus_chevalieri|SH1232286.10FU	100.00	465	0	0	1	465	46	510	0.0	859
NODE_492_length_3943_cov_1398.312726|F	OW982856|k__Fungi;p__Ascomycota;c__Eurotiomycetes;o__Eurotiales;f__Aspergillaceae;g__Aspergillus;s__Aspergillus_chevalieri|SH1232286.10FU	100.00	465	0	0	1	465	42	506	0.0	859
NODE_492_length_3943_cov_1398.312726|F	OW983683|k__Fungi;p__Ascomycota;c__Eurotiomycetes;o__Eurotiales;f__Aspergillaceae;g__Aspergillus;s__Aspergillus_montevidensis|SH1232286.10FU	100.00	465	0	0	1	465	56	520	0.0	859
NODE_492_length_3943_cov_1398.312726|F	OW983865|k__Fungi;p__Ascomycota;c__Eurotiomycetes;o__Eurotiales;f__Aspergillaceae;g__Aspergillus;s__Aspergillus_cristatus|SH1232286.10FU	100.00	465	0	0	1	465	44	508	0.0	859
NODE_492_length_3943_cov_1398.312726|F	OW984376|k__Fungi;p__Ascomycota;c__Eurotiomycetes;o__Eurotiales;f__Aspergillaceae;g__Aspergillus;s__Aspergillus_montevidensis|SH1232286.10FU	100.00	465	0	0	1	465	44	508	0.0	859
NODE_492_length_3943_cov_1398.312726|F	OW984443|k__Fungi;p__Ascomycota;c__Eurotiomycetes;o__Eurotiales;f__Aspergillaceae;g__Aspergillus;s__Aspergillus_chevalieri|SH1232286.10FU	100.00	465	0	0	1	465	42	506	0.0	859
NODE_492_length_3943_cov_1398.312726|F	OW985234|k__Fungi;p__Ascomycota;c__Eurotiomycetes;o__Eurotiales;f__Aspergillaceae;g__Aspergillus;s__Aspergillus_montevidensis|SH1232286.10FU	100.00	465	0	0	1	465	57	521	0.0	859
NODE_492_length_3943_cov_1398.312726|F	OW985276|k__Fungi;p__Ascomycota;c__Eurotiomycetes;o__Eurotiales;f__Aspergillaceae;g__Aspergillus;s__Aspergillus_chevalieri|SH1232286.10FU	100.00	465	0	0	1	465	44	508	0.0	859
NODE_492_length_3943_cov_1398.312726|F	OW985367|k__Fungi;p__Ascomycota;c__Eurotiomycetes;o__Eurotiales;f__Aspergillaceae;g__Aspergillus;s__Aspergillus_chevalieri|SH1232286.10FU	100.00	465	0	0	1	465	44	508	0.0	859
NODE_492_length_3943_cov_1398.312726|F	OW985368|k__Fungi;p__Ascomycota;c__Eurotiomycetes;o__Eurotiales;f__Aspergillaceae;g__Aspergillus;s__Aspergillus_montevidensis|SH1232286.10FU	100.00	465	0	0	1	465	44	508	0.0	859
NODE_492_length_3943_cov_1398.312726|F	OW986493|k__Fungi;p__Ascomycota;c__Eurotiomycetes;o__Eurotiales;f__Aspergillaceae;g__Aspergillus;s__Aspergillus_cristatus|SH1232286.10FU	100.00	465	0	0	1	465	42	506	0.0	859
NODE_537_length_3055_cov_21.697784|F	MT683157|k__Fungi;p__Basidiomycota;c__Agaricomycetes;o__Agaricales;f__Lyophyllaceae;g__Termitomyces;s__Termitomyces_tigrinus|SH1073589.10FU	99.61	519	2	0	1	519	8	526	0.0	948
NODE_537_length_3055_cov_21.697784|F	LC619278|k__Fungi;p__Basidiomycota;c__Agaricomycetes;o__Agaricales;f__Lyophyllaceae;g__Termitomyces;s__Termitomyces_sp|SH1073589.10FU	99.61	519	2	0	1	519	2	520	0.0	948
NODE_537_length_3055_cov_21.697784|F	LC578316|k__Fungi;p__Basidiomycota;c__Agaricomycetes;o__Agaricales;f__Lyophyllaceae;g__Termitomyces;s__Termitomyces_intermedius|SH1073589.10FU	99.61	519	2	0	1	519	18	536	0.0	948
NODE_537_length_3055_cov_21.697784|F	LC578329|k__Fungi;p__Basidiomycota;c__Agaricomycetes;o__Agaricales;f__Lyophyllaceae;g__Termitomyces;s__Termitomyces_intermedius|SH1073589.10FU	99.61	519	2	0	1	519	20	538	0.0	948
NODE_537_length_3055_cov_21.697784|F	LC578330|k__Fungi;p__Basidiomycota;c__Agaricomycetes;o__Agaricales;f__Lyophyllaceae;g__Termitomyces;s__Termitomyces_intermedius|SH1073589.10FU	99.61	519	2	0	1	519	19	537	0.0	948
NODE_537_length_3055_cov_21.697784|F	LC578331|k__Fungi;p__Basidiomycota;c__Agaricomycetes;o__Agaricales;f__Lyophyllaceae;g__Termitomyces;s__Termitomyces_intermedius|SH1073589.10FU	99.61	519	2	0	1	519	33	551	0.0	948
NODE_537_length_3055_cov_21.697784|F	LC578332|k__Fungi;p__Basidiomycota;c__Agaricomycetes;o__Agaricales;f__Lyophyllaceae;g__Termitomyces;s__Termitomyces_intermedius|SH1073589.10FU	99.61	519	2	0	1	519	21	539	0.0	948
NODE_537_length_3055_cov_21.697784|F	LC578335|k__Fungi;p__Basidiomycota;c__Agaricomycetes;o__Agaricales;f__Lyophyllaceae;g__Termitomyces;s__Termitomyces_intermedius|SH1073589.10FU	99.61	519	2	0	1	519	20	538	0.0	948
NODE_537_length_3055_cov_21.697784|F	LC578336|k__Fungi;p__Basidiomycota;c__Agaricomycetes;o__Agaricales;f__Lyophyllaceae;g__Termitomyces;s__Termitomyces_intermedius|SH1073589.10FU	99.61	519	2	0	1	519	20	538	0.0	948
NODE_537_length_3055_cov_21.697784|F	LC578338|k__Fungi;p__Basidiomycota;c__Agaricomycetes;o__Agaricales;f__Lyophyllaceae;g__Termitomyces;s__Termitomyces_intermedius|SH1073589.10FU	99.61	519	2	0	1	519	19	537	0.0	948
NODE_537_length_3055_cov_21.697784|F	LC578339|k__Fungi;p__Basidiomycota;c__Agaricomycetes;o__Agaricales;f__Lyophyllaceae;g__Termitomyces;s__Termitomyces_intermedius|SH1073589.10FU	99.61	519	2	0	1	519	17	535	0.0	948
NODE_537_length_3055_cov_21.697784|F	LC578340|k__Fungi;p__Basidiomycota;c__Agaricomycetes;o__Agaricales;f__Lyophyllaceae;g__Termitomyces;s__Termitomyces_intermedius|SH1073589.10FU	99.61	519	2	0	1	519	14	532	0.0	948
NODE_537_length_3055_cov_21.697784|F	LC578341|k__Fungi;p__Basidiomycota;c__Agaricomycetes;o__Agaricales;f__Lyophyllaceae;g__Termitomyces;s__Termitomyces_intermedius|SH1073589.10FU	99.61	519	2	0	1	519	17	535	0.0	948
NODE_537_length_3055_cov_21.697784|F	LC578342|k__Fungi;p__Basidiomycota;c__Agaricomycetes;o__Agaricales;f__Lyophyllaceae;g__Termitomyces;s__Termitomyces_intermedius|SH1073589.10FU	99.61	519	2	0	1	519	18	536	0.0	948
NODE_537_length_3055_cov_21.697784|F	LC578343|k__Fungi;p__Basidiomycota;c__Agaricomycetes;o__Agaricales;f__Lyophyllaceae;g__Termitomyces;s__Termitomyces_intermedius|SH1073589.10FU	99.61	519	2	0	1	519	19	537	0.0	948
NODE_537_length_3055_cov_21.697784|F	LC578344|k__Fungi;p__Basidiomycota;c__Agaricomycetes;o__Agaricales;f__Lyophyllaceae;g__Termitomyces;s__Termitomyces_intermedius|SH1073589.10FU	99.61	519	2	0	1	519	17	535	0.0	948
NODE_537_length_3055_cov_21.697784|F	LC578345|k__Fungi;p__Basidiomycota;c__Agaricomycetes;o__Agaricales;f__Lyophyllaceae;g__Termitomyces;s__Termitomyces_intermedius|SH1073589.10FU	99.61	519	2	0	1	519	17	535	0.0	948
NODE_537_length_3055_cov_21.697784|F	LC578346|k__Fungi;p__Basidiomycota;c__Agaricomycetes;o__Agaricales;f__Lyophyllaceae;g__Termitomyces;s__Termitomyces_intermedius|SH1073589.10FU	99.61	519	2	0	1	519	17	535	0.0	948
NODE_537_length_3055_cov_21.697784|F	LC578348|k__Fungi;p__Basidiomycota;c__Agaricomycetes;o__Agaricales;f__Lyophyllaceae;g__Termitomyces;s__Termitomyces_intermedius|SH1073589.10FU	99.61	519	2	0	1	519	20	538	0.0	948
NODE_537_length_3055_cov_21.697784|F	LC578349|k__Fungi;p__Basidiomycota;c__Agaricomycetes;o__Agaricales;f__Lyophyllaceae;g__Termitomyces;s__Termitomyces_intermedius|SH1073589.10FU	99.61	519	2	0	1	519	17	535	0.0	948
NODE_537_length_3055_cov_21.697784|F	LC578351|k__Fungi;p__Basidiomycota;c__Agaricomycetes;o__Agaricales;f__Lyophyllaceae;g__Termitomyces;s__Termitomyces_intermedius|SH1073589.10FU	99.61	519	2	0	1	519	18	536	0.0	948
NODE_537_length_3055_cov_21.697784|F	LC578352|k__Fungi;p__Basidiomycota;c__Agaricomycetes;o__Agaricales;f__Lyophyllaceae;g__Termitomyces;s__Termitomyces_intermedius|SH1073589.10FU	99.61	519	2	0	1	519	17	535	0.0	948
NODE_537_length_3055_cov_21.697784|F	LC578358|k__Fungi;p__Basidiomycota;c__Agaricomycetes;o__Agaricales;f__Lyophyllaceae;g__Termitomyces;s__Termitomyces_intermedius|SH1073589.10FU	99.61	519	2	0	1	519	17	535	0.0	948
NODE_537_length_3055_cov_21.697784|F	LC578360|k__Fungi;p__Basidiomycota;c__Agaricomycetes;o__Agaricales;f__Lyophyllaceae;g__Termitomyces;s__Termitomyces_intermedius|SH1073589.10FU	99.61	519	2	0	1	519	17	535	0.0	948
NODE_537_length_3055_cov_21.697784|F	LC578376|k__Fungi;p__Basidiomycota;c__Agaricomycetes;o__Agaricales;f__Lyophyllaceae;g__Termitomyces;s__Termitomyces_intermedius|SH1073589.10FU	99.61	519	2	0	1	519	19	537	0.0	948
NODE_537_length_3055_cov_21.697784|F	LC578380|k__Fungi;p__Basidiomycota;c__Agaricomycetes;o__Agaricales;f__Lyophyllaceae;g__Termitomyces;s__Termitomyces_intermedius|SH1073589.10FU	99.61	519	2	0	1	519	19	537	0.0	948
NODE_537_length_3055_cov_21.697784|F	LC578382|k__Fungi;p__Basidiomycota;c__Agaricomycetes;o__Agaricales;f__Lyophyllaceae;g__Termitomyces;s__Termitomyces_intermedius|SH1073589.10FU	99.61	519	2	0	1	519	19	537	0.0	948
NODE_537_length_3055_cov_21.697784|F	LC578383|k__Fungi;p__Basidiomycota;c__Agaricomycetes;o__Agaricales;f__Lyophyllaceae;g__Termitomyces;s__Termitomyces_intermedius|SH1073589.10FU	99.61	519	2	0	1	519	19	537	0.0	948
NODE_537_length_3055_cov_21.697784|F	LC578384|k__Fungi;p__Basidiomycota;c__Agaricomycetes;o__Agaricales;f__Lyophyllaceae;g__Termitomyces;s__Termitomyces_intermedius|SH1073589.10FU	99.61	519	2	0	1	519	19	537	0.0	948
NODE_537_length_3055_cov_21.697784|F	LC578385|k__Fungi;p__Basidiomycota;c__Agaricomycetes;o__Agaricales;f__Lyophyllaceae;g__Termitomyces;s__Termitomyces_intermedius|SH1073589.10FU	99.61	519	2	0	1	519	19	537	0.0	948
NODE_537_length_3055_cov_21.697784|F	LC578386|k__Fungi;p__Basidiomycota;c__Agaricomycetes;o__Agaricales;f__Lyophyllaceae;g__Termitomyces;s__Termitomyces_intermedius|SH1073589.10FU	99.61	519	2	0	1	519	19	537	0.0	948
NODE_537_length_3055_cov_21.697784|F	LC578393|k__Fungi;p__Basidiomycota;c__Agaricomycetes;o__Agaricales;f__Lyophyllaceae;g__Termitomyces;s__Termitomyces_intermedius|SH1073589.10FU	99.61	519	2	0	1	519	19	537	0.0	948
NODE_537_length_3055_cov_21.697784|F	LC578394|k__Fungi;p__Basidiomycota;c__Agaricomycetes;o__Agaricales;f__Lyophyllaceae;g__Termitomyces;s__Termitomyces_intermedius|SH1073589.10FU	99.61	519	2	0	1	519	18	536	0.0	948
NODE_537_length_3055_cov_21.697784|F	LC578397|k__Fungi;p__Basidiomycota;c__Agaricomycetes;o__Agaricales;f__Lyophyllaceae;g__Termitomyces;s__Termitomyces_intermedius|SH1073589.10FU	99.61	519	2	0	1	519	19	537	0.0	948
NODE_537_length_3055_cov_21.697784|F	LC578398|k__Fungi;p__Basidiomycota;c__Agaricomycetes;o__Agaricales;f__Lyophyllaceae;g__Termitomyces;s__Termitomyces_intermedius|SH1073589.10FU	99.61	519	2	0	1	519	19	537	0.0	948
NODE_537_length_3055_cov_21.697784|F	MT569890|k__Fungi;p__Basidiomycota;c__Agaricomycetes;o__Agaricales;f__Lyophyllaceae;g__Termitomyces;s__Termitomyces_sp|SH1073589.10FU	99.61	519	2	0	1	519	41	559	0.0	948
NODE_537_length_3055_cov_21.697784|F	MK748601|k__Fungi;p__Basidiomycota;c__Agaricomycetes;o__Agaricales;f__Agaricaceae;g__Macrolepiota;s__Macrolepiota_albuminosa|SH1073589.10FU	99.61	519	2	0	1	519	30	548	0.0	948
NODE_537_length_3055_cov_21.697784|F	KY679684|k__Fungi;p__Basidiomycota;c__Agaricomycetes;o__Agaricales;f__Lyophyllaceae;g__Termitomyces;s__Termitomyces_sp|SH1073589.10FU	99.61	519	2	0	1	519	31	549	0.0	948
NODE_537_length_3055_cov_21.697784|F	KY679685|k__Fungi;p__Basidiomycota;c__Agaricomycetes;o__Agaricales;f__Lyophyllaceae;g__Termitomyces;s__Termitomyces_sp|SH1073589.10FU	99.61	519	2	0	1	519	31	549	0.0	948
NODE_537_length_3055_cov_21.697784|F	KY679686|k__Fungi;p__Basidiomycota;c__Agaricomycetes;o__Agaricales;f__Lyophyllaceae;g__Termitomyces;s__Termitomyces_sp|SH1073589.10FU	99.61	519	2	0	1	519	31	549	0.0	948
NODE_537_length_3055_cov_21.697784|F	KY679687|k__Fungi;p__Basidiomycota;c__Agaricomycetes;o__Agaricales;f__Lyophyllaceae;g__Termitomyces;s__Termitomyces_sp|SH1073589.10FU	99.61	519	2	0	1	519	31	549	0.0	948
NODE_537_length_3055_cov_21.697784|F	KY679703|k__Fungi;p__Basidiomycota;c__Agaricomycetes;o__Agaricales;f__Lyophyllaceae;g__Termitomyces;s__Termitomyces_sp|SH1073589.10FU	99.61	519	2	0	1	519	31	549	0.0	948
NODE_537_length_3055_cov_21.697784|F	MF488971|k__Fungi;p__Basidiomycota;c__Agaricomycetes;o__Agaricales;f__Lyophyllaceae;g__Termitomyces;s__Termitomyces_intermedius|SH1073589.10FU	99.61	519	2	0	1	519	20	538	0.0	948
NODE_537_length_3055_cov_21.697784|F	MF488972|k__Fungi;p__Basidiomycota;c__Agaricomycetes;o__Agaricales;f__Lyophyllaceae;g__Termitomyces;s__Termitomyces_intermedius|SH1073589.10FU	99.61	519	2	0	1	519	20	538	0.0	948
NODE_537_length_3055_cov_21.697784|F	MF488973|k__Fungi;p__Basidiomycota;c__Agaricomycetes;o__Agaricales;f__Lyophyllaceae;g__Termitomyces;s__Termitomyces_intermedius|SH1073589.10FU	99.61	519	2	0	1	519	20	538	0.0	948
NODE_537_length_3055_cov_21.697784|F	KF302100|k__Fungi;p__Basidiomycota;c__Agaricomycetes;o__Agaricales;f__Lyophyllaceae;g__Termitomyces;s__Termitomyces_sp|SH1073589.10FU	99.61	519	2	0	1	519	55	573	0.0	948
NODE_537_length_3055_cov_21.697784|F	KF302105|k__Fungi;p__Basidiomycota;c__Agaricomycetes;o__Agaricales;f__Lyophyllaceae;g__Termitomyces;s__Termitomyces_sp|SH1073589.10FU	99.61	519	2	0	1	519	69	587	0.0	948
NODE_537_length_3055_cov_21.697784|F	KF302107|k__Fungi;p__Basidiomycota;c__Agaricomycetes;o__Agaricales;f__Lyophyllaceae;g__Termitomyces;s__Termitomyces_sp|SH1073589.10FU	99.61	519	2	0	1	519	69	587	0.0	948
NODE_537_length_3055_cov_21.697784|F	KF302108|k__Fungi;p__Basidiomycota;c__Agaricomycetes;o__Agaricales;f__Lyophyllaceae;g__Termitomyces;s__Termitomyces_sp|SH1073589.10FU	99.61	519	2	0	1	519	69	587	0.0	948
NODE_537_length_3055_cov_21.697784|F	KF302109|k__Fungi;p__Basidiomycota;c__Agaricomycetes;o__Agaricales;f__Lyophyllaceae;g__Termitomyces;s__Termitomyces_sp|SH1073589.10FU	99.61	519	2	0	1	519	55	573	0.0	948
NODE_537_length_3055_cov_21.697784|F	KF385264|k__Fungi;p__Basidiomycota;c__Agaricomycetes;o__Agaricales;f__Agaricales_fam_Incertae_sedis;g__Agaricales_gen_Incertae_sedis;s__Agaricales_sp|SH1073589.10FU	99.61	519	2	0	1	519	31	549	0.0	948
NODE_537_length_3055_cov_21.697784|F	JN000918|k__Fungi;p__Basidiomycota;c__Agaricomycetes;o__Agaricales;f__Agaricales_fam_Incertae_sedis;g__Agaricales_gen_Incertae_sedis;s__Agaricales_sp|SH1073589.10FU	99.61	519	2	0	1	519	31	549	0.0	948
NODE_537_length_3055_cov_21.697784|F	JN000930|k__Fungi;p__Basidiomycota;c__Agaricomycetes;o__Agaricales;f__Agaricales_fam_Incertae_sedis;g__Agaricales_gen_Incertae_sedis;s__Agaricales_sp|SH1073589.10FU	99.61	519	2	0	1	519	32	550	0.0	948
NODE_537_length_3055_cov_21.697784|F	FN812864|k__Fungi;p__Basidiomycota;c__Agaricomycetes;o__Agaricales;f__Agaricales_fam_Incertae_sedis;g__Agaricales_gen_Incertae_sedis;s__Agaricales_sp|SH1073589.10FU	99.61	519	2	0	1	519	69	587	0.0	948
NODE_537_length_3055_cov_21.697784|F	FN812869|k__Fungi;p__Basidiomycota;c__Agaricomycetes;o__Agaricales;f__Agaricales_fam_Incertae_sedis;g__Agaricales_gen_Incertae_sedis;s__Agaricales_sp|SH1073589.10FU	99.61	519	2	0	1	519	69	587	0.0	948
NODE_537_length_3055_cov_21.697784|F	FN812873|k__Fungi;p__Basidiomycota;c__Agaricomycetes;o__Agaricales;f__Agaricales_fam_Incertae_sedis;g__Agaricales_gen_Incertae_sedis;s__Agaricales_sp|SH1073589.10FU	99.61	519	2	0	1	519	69	587	0.0	948
NODE_537_length_3055_cov_21.697784|F	FN812874|k__Fungi;p__Basidiomycota;c__Agaricomycetes;o__Agaricales;f__Agaricales_fam_Incertae_sedis;g__Agaricales_gen_Incertae_sedis;s__Agaricales_sp|SH1073589.10FU	99.61	519	2	0	1	519	69	587	0.0	948
NODE_537_length_3055_cov_21.697784|F	FN812876|k__Fungi;p__Basidiomycota;c__Agaricomycetes;o__Agaricales;f__Agaricales_fam_Incertae_sedis;g__Agaricales_gen_Incertae_sedis;s__Agaricales_sp|SH1073589.10FU	99.61	519	2	0	1	519	69	587	0.0	948
NODE_537_length_3055_cov_21.697784|F	FN812881|k__Fungi;p__Basidiomycota;c__Agaricomycetes;o__Agaricales;f__Agaricales_fam_Incertae_sedis;g__Agaricales_gen_Incertae_sedis;s__Agaricales_sp|SH1073589.10FU	99.61	519	2	0	1	519	69	587	0.0	948
NODE_537_length_3055_cov_21.697784|F	FN812884|k__Fungi;p__Basidiomycota;c__Agaricomycetes;o__Agaricales;f__Agaricales_fam_Incertae_sedis;g__Agaricales_gen_Incertae_sedis;s__Agaricales_sp|SH1073589.10FU	99.61	519	2	0	1	519	69	587	0.0	948
NODE_537_length_3055_cov_21.697784|F	FN812885|k__Fungi;p__Basidiomycota;c__Agaricomycetes;o__Agaricales;f__Agaricales_fam_Incertae_sedis;g__Agaricales_gen_Incertae_sedis;s__Agaricales_sp|SH1073589.10FU	99.61	519	2	0	1	519	69	587	0.0	948
NODE_537_length_3055_cov_21.697784|F	FN812888|k__Fungi;p__Basidiomycota;c__Agaricomycetes;o__Agaricales;f__Agaricales_fam_Incertae_sedis;g__Agaricales_gen_Incertae_sedis;s__Agaricales_sp|SH1073589.10FU	99.61	519	2	0	1	519	69	587	0.0	948
NODE_537_length_3055_cov_21.697784|F	FN812889|k__Fungi;p__Basidiomycota;c__Agaricomycetes;o__Agaricales;f__Agaricales_fam_Incertae_sedis;g__Agaricales_gen_Incertae_sedis;s__Agaricales_sp|SH1073589.10FU	99.61	519	2	0	1	519	69	587	0.0	948
NODE_537_length_3055_cov_21.697784|F	FN812890|k__Fungi;p__Basidiomycota;c__Agaricomycetes;o__Agaricales;f__Agaricales_fam_Incertae_sedis;g__Agaricales_gen_Incertae_sedis;s__Agaricales_sp|SH1073589.10FU	99.61	519	2	0	1	519	69	587	0.0	948
NODE_537_length_3055_cov_21.697784|F	FN812893|k__Fungi;p__Basidiomycota;c__Agaricomycetes;o__Agaricales;f__Agaricales_fam_Incertae_sedis;g__Agaricales_gen_Incertae_sedis;s__Agaricales_sp|SH1073589.10FU	99.61	519	2	0	1	519	69	587	0.0	948
NODE_537_length_3055_cov_21.697784|F	FN812896|k__Fungi;p__Basidiomycota;c__Agaricomycetes;o__Agaricales;f__Agaricales_fam_Incertae_sedis;g__Agaricales_gen_Incertae_sedis;s__Agaricales_sp|SH1073589.10FU	99.61	519	2	0	1	519	69	587	0.0	948
NODE_537_length_3055_cov_21.697784|F	FN812905|k__Fungi;p__Basidiomycota;c__Agaricomycetes;o__Agaricales;f__Agaricales_fam_Incertae_sedis;g__Agaricales_gen_Incertae_sedis;s__Agaricales_sp|SH1073589.10FU	99.61	519	2	0	1	519	69	587	0.0	948
NODE_537_length_3055_cov_21.697784|F	FN812906|k__Fungi;p__Basidiomycota;c__Agaricomycetes;o__Agaricales;f__Agaricales_fam_Incertae_sedis;g__Agaricales_gen_Incertae_sedis;s__Agaricales_sp|SH1073589.10FU	99.61	519	2	0	1	519	69	587	0.0	948
NODE_537_length_3055_cov_21.697784|F	FN812908|k__Fungi;p__Basidiomycota;c__Agaricomycetes;o__Agaricales;f__Agaricales_fam_Incertae_sedis;g__Agaricales_gen_Incertae_sedis;s__Agaricales_sp|SH1073589.10FU	99.61	519	2	0	1	519	68	586	0.0	948
NODE_537_length_3055_cov_21.697784|F	FN812910|k__Fungi;p__Basidiomycota;c__Agaricomycetes;o__Agaricales;f__Agaricales_fam_Incertae_sedis;g__Agaricales_gen_Incertae_sedis;s__Agaricales_sp|SH1073589.10FU	99.61	519	2	0	1	519	69	587	0.0	948
NODE_537_length_3055_cov_21.697784|F	FN812914|k__Fungi;p__Basidiomycota;c__Agaricomycetes;o__Agaricales;f__Agaricales_fam_Incertae_sedis;g__Agaricales_gen_Incertae_sedis;s__Agaricales_sp|SH1073589.10FU	99.61	519	2	0	1	519	69	587	0.0	948
NODE_537_length_3055_cov_21.697784|F	FN812921|k__Fungi;p__Basidiomycota;c__Agaricomycetes;o__Agaricales;f__Agaricales_fam_Incertae_sedis;g__Agaricales_gen_Incertae_sedis;s__Agaricales_sp|SH1073589.10FU	99.61	519	2	0	1	519	69	587	0.0	948
NODE_537_length_3055_cov_21.697784|F	FN812926|k__Fungi;p__Basidiomycota;c__Agaricomycetes;o__Agaricales;f__Agaricales_fam_Incertae_sedis;g__Agaricales_gen_Incertae_sedis;s__Agaricales_sp|SH1073589.10FU	99.61	519	2	0	1	519	69	587	0.0	948
NODE_537_length_3055_cov_21.697784|F	FN812937|k__Fungi;p__Basidiomycota;c__Agaricomycetes;o__Agaricales;f__Agaricales_fam_Incertae_sedis;g__Agaricales_gen_Incertae_sedis;s__Agaricales_sp|SH1073589.10FU	99.61	519	2	0	1	519	68	586	0.0	948
NODE_537_length_3055_cov_21.697784|F	FN812947|k__Fungi;p__Basidiomycota;c__Agaricomycetes;o__Agaricales;f__Agaricales_fam_Incertae_sedis;g__Agaricales_gen_Incertae_sedis;s__Agaricales_sp|SH1073589.10FU	99.61	519	2	0	1	519	68	586	0.0	948
NODE_537_length_3055_cov_21.697784|F	AB051881|k__Fungi;p__Basidiomycota;c__Agaricomycetes;o__Agaricales;f__Lyophyllaceae;g__Termitomyces;s__Termitomyces_sp|SH1073589.10FU	99.61	519	2	0	1	519	31	549	0.0	948
NODE_537_length_3055_cov_21.697784|F	AB051884|k__Fungi;p__Basidiomycota;c__Agaricomycetes;o__Agaricales;f__Lyophyllaceae;g__Termitomyces;s__Termitomyces_sp|SH1073589.10FU	99.61	519	2	0	1	519	31	549	0.0	948
NODE_537_length_3055_cov_21.697784|F	AB051885|k__Fungi;p__Basidiomycota;c__Agaricomycetes;o__Agaricales;f__Lyophyllaceae;g__Termitomyces;s__Termitomyces_sp|SH1073589.10FU	99.61	519	2	0	1	519	31	549	0.0	948
NODE_537_length_3055_cov_21.697784|F	AB051887|k__Fungi;p__Basidiomycota;c__Agaricomycetes;o__Agaricales;f__Lyophyllaceae;g__Termitomyces;s__Termitomyces_sp|SH1073589.10FU	99.61	519	2	0	1	519	31	549	0.0	948
NODE_537_length_3055_cov_21.697784|F	AB051890|k__Fungi;p__Basidiomycota;c__Agaricomycetes;o__Agaricales;f__Lyophyllaceae;g__Termitomyces;s__Termitomyces_sp|SH1073589.10FU	99.61	519	2	0	1	519	31	549	0.0	948
NODE_554_length_2720_cov_23.789633|F	KX911860|k__Fungi;p__Basidiomycota;c__Wallemiomycetes;o__Wallemiales;f__Wallemiaceae;g__Wallemia;s__Wallemia_muriae|SH1371695.10FU	99.79	479	1	0	1	479	109	587	0.0	880
NODE_554_length_2720_cov_23.789633|F	UDB07364982|k__Fungi;p__Basidiomycota;c__Wallemiomycetes;o__Wallemiales;f__Wallemiaceae;g__Wallemia;s__Wallemia_sp|SH1371695.10FU	99.37	479	2	1	1	478	1	479	0.0	867
NODE_554_length_2720_cov_23.789633|F	KJ409905|k__Fungi;p__Basidiomycota;c__Wallemiomycetes;o__Wallemiales;f__Wallemiaceae;g__Wallemia;s__Wallemia_muriae|SH1371695.10FU	98.75	479	5	1	1	479	6	483	0.0	850
NODE_554_length_2720_cov_23.789633|F	OW984594|k__Fungi;p__Basidiomycota;c__Wallemiomycetes;o__Wallemiales;f__Wallemiaceae;g__Wallemia;s__Wallemia_muriae|SH1371695.10FU	98.54	481	5	2	1	479	44	524	0.0	848
NODE_554_length_2720_cov_23.789633|F	OW984595|k__Fungi;p__Basidiomycota;c__Wallemiomycetes;o__Wallemiales;f__Wallemiaceae;g__Wallemia;s__Wallemia_muriae|SH1371695.10FU	98.54	481	5	2	1	479	56	536	0.0	848
NODE_554_length_2720_cov_23.789633|F	UDB0763974|k__Fungi;p__Basidiomycota;c__Wallemiomycetes;o__Wallemiales;f__Wallemiaceae;g__Wallemia;s__Wallemia_sp|SH1371695.10FU	98.54	481	5	2	1	479	156	636	0.0	848
NODE_554_length_2720_cov_23.789633|F	UDB0763971|k__Fungi;p__Basidiomycota;c__Wallemiomycetes;o__Wallemiales;f__Wallemiaceae;g__Wallemia;s__Wallemia_sp|SH1371695.10FU	98.54	481	5	2	1	479	156	636	0.0	848
NODE_554_length_2720_cov_23.789633|F	UDB045486|k__Fungi;p__Basidiomycota;c__Wallemiomycetes;o__Wallemiales;f__Wallemiaceae;g__Wallemia;s__Wallemia_sp|SH1371695.10FU	98.54	481	5	2	1	479	1	481	0.0	848
NODE_554_length_2720_cov_23.789633|F	FR682244|k__Fungi;p__Basidiomycota;c__Wallemiomycetes;o__Wallemiales;f__Wallemiaceae;g__Wallemia;s__Wallemia_muriae|SH1371695.10FU	98.54	481	5	2	1	479	9	489	0.0	848
NODE_554_length_2720_cov_23.789633|F	UDB07365641|k__Fungi;p__Basidiomycota;c__Wallemiomycetes;o__Wallemiales;f__Wallemiaceae;g__Wallemia;s__Wallemia_sp|SH1371695.10FU	98.54	480	5	2	1	478	1	480	0.0	846
NODE_554_length_2720_cov_23.789633|F	UDB07365639|k__Fungi;p__Basidiomycota;c__Wallemiomycetes;o__Wallemiales;f__Wallemiaceae;g__Wallemia;s__Wallemia_sp|SH1371695.10FU	98.54	480	5	2	1	478	1	480	0.0	846
NODE_554_length_2720_cov_23.789633|F	UDB045487|k__Fungi;p__Basidiomycota;c__Wallemiomycetes;o__Wallemiales;f__Wallemiaceae;g__Wallemia;s__Wallemia_sp|SH1371695.10FU	98.54	481	4	3	1	479	1	480	0.0	846
NODE_554_length_2720_cov_23.789633|F	KJ409929|k__Fungi;p__Basidiomycota;c__Wallemiomycetes;o__Wallemiales;f__Wallemiaceae;g__Wallemia;s__Wallemia_muriae|SH1371695.10FU	98.54	481	4	3	1	479	6	485	0.0	846
NODE_554_length_2720_cov_23.789633|F	UDB07365640|k__Fungi;p__Basidiomycota;c__Wallemiomycetes;o__Wallemiales;f__Wallemiaceae;g__Wallemia;s__Wallemia_sp|SH1371695.10FU	98.54	480	4	3	1	478	1	479	0.0	845
NODE_554_length_2720_cov_23.789633|F	MT236736|k__Fungi;p__Basidiomycota;c__Wallemiomycetes;o__Wallemiales;f__Wallemiaceae;g__Wallemia;s__Wallemia_sp|SH1371695.10FU	98.34	481	6	2	1	479	54	534	0.0	843
NODE_554_length_2720_cov_23.789633|F	KU582330|k__Fungi;p__Basidiomycota;c__Wallemiomycetes;o__Wallemiales;f__Wallemiaceae;g__Wallemia;s__Wallemia_muriae|SH1371695.10FU	98.34	481	6	2	1	479	54	534	0.0	843
NODE_554_length_2720_cov_23.789633|F	KJ409919|k__Fungi;p__Basidiomycota;c__Wallemiomycetes;o__Wallemiales;f__Wallemiaceae;g__Wallemia;s__Wallemia_muriae|SH1371695.10FU	98.34	481	6	2	1	479	6	486	0.0	843
NODE_554_length_2720_cov_23.789633|F	UDB07364984|k__Fungi;p__Basidiomycota;c__Wallemiomycetes;o__Wallemiales;f__Wallemiaceae;g__Wallemia;s__Wallemia_sp|SH1371695.10FU	98.33	480	6	2	1	478	1	480	0.0	841
NODE_554_length_2720_cov_23.789633|F	MZ687390|k__Fungi;p__Basidiomycota;c__Wallemiomycetes;o__Wallemiales;f__Wallemiaceae;g__Wallemia;s__Wallemia_muriae|SH1371695.10FU	97.93	482	6	4	1	479	43	523	0.0	832
NODE_554_length_2720_cov_23.789633|F	KR081403|k__Fungi;p__Basidiomycota;c__Wallemiomycetes;o__Wallemiales;f__Wallemiaceae;g__Wallemia;s__Wallemia_muriae|SH1371695.10FU	97.92	481	7	3	2	479	22	502	0.0	832
NODE_554_length_2720_cov_23.789633|F	KJ494590|k__Fungi;p__Basidiomycota;c__Wallemiomycetes;o__Wallemiales;f__Wallemiaceae;g__Wallemia;s__Wallemia_muriae|SH1371695.10FU	97.93	482	6	4	1	479	8	488	0.0	832
NODE_554_length_2720_cov_23.789633|F	KJ494591|k__Fungi;p__Basidiomycota;c__Wallemiomycetes;o__Wallemiales;f__Wallemiaceae;g__Wallemia;s__Wallemia_muriae|SH1371695.10FU	97.93	482	6	4	1	479	8	488	0.0	832
NODE_554_length_2720_cov_23.789633|F	KJ494592|k__Fungi;p__Basidiomycota;c__Wallemiomycetes;o__Wallemiales;f__Wallemiaceae;g__Wallemia;s__Wallemia_muriae|SH1371695.10FU	97.93	482	6	4	1	479	8	488	0.0	832
NODE_554_length_2720_cov_23.789633|F	KJ494593|k__Fungi;p__Basidiomycota;c__Wallemiomycetes;o__Wallemiales;f__Wallemiaceae;g__Wallemia;s__Wallemia_muriae|SH1371695.10FU	97.93	482	6	4	1	479	8	488	0.0	832
NODE_554_length_2720_cov_23.789633|F	KJ494594|k__Fungi;p__Basidiomycota;c__Wallemiomycetes;o__Wallemiales;f__Wallemiaceae;g__Wallemia;s__Wallemia_muriae|SH1371695.10FU	97.93	482	6	4	1	479	8	488	0.0	832
NODE_554_length_2720_cov_23.789633|F	KJ409903|k__Fungi;p__Basidiomycota;c__Wallemiomycetes;o__Wallemiales;f__Wallemiaceae;g__Wallemia;s__Wallemia_muriae|SH1371695.10FU	97.93	482	6	4	1	479	6	486	0.0	832
NODE_554_length_2720_cov_23.789633|F	KJ409920|k__Fungi;p__Basidiomycota;c__Wallemiomycetes;o__Wallemiales;f__Wallemiaceae;g__Wallemia;s__Wallemia_muriae|SH1371695.10FU	97.93	482	6	4	1	479	6	486	0.0	832
NODE_554_length_2720_cov_23.789633|F	KJ409926|k__Fungi;p__Basidiomycota;c__Wallemiomycetes;o__Wallemiales;f__Wallemiaceae;g__Wallemia;s__Wallemia_muriae|SH1371695.10FU	97.93	482	6	4	1	479	6	486	0.0	832
NODE_554_length_2720_cov_23.789633|F	AY302534|k__Fungi;p__Basidiomycota;c__Wallemiomycetes;o__Wallemiales;f__Wallemiaceae;g__Wallemia;s__Wallemia_muriae|SH1371695.10FU	97.93	482	6	4	1	479	8	488	0.0	832
NODE_554_length_2720_cov_23.789633|F	PP125821|k__Fungi;p__Basidiomycota;c__Wallemiomycetes;o__Wallemiales;f__Wallemiaceae;g__Wallemia;s__Wallemia_sp|SH1371695.10FU	97.72	482	7	4	1	479	6	486	0.0	826
NODE_554_length_2720_cov_23.789633|F	PP125822|k__Fungi;p__Basidiomycota;c__Wallemiomycetes;o__Wallemiales;f__Wallemiaceae;g__Wallemia;s__Wallemia_sp|SH1371695.10FU	97.72	483	6	5	1	479	20	501	0.0	826
NODE_554_length_2720_cov_23.789633|F	OW985802|k__Fungi;p__Basidiomycota;c__Wallemiomycetes;o__Wallemiales;f__Wallemiaceae;g__Wallemia;s__Wallemia_muriae|SH1371695.10FU	97.72	482	7	4	1	479	9	489	0.0	826
NODE_554_length_2720_cov_23.789633|F	OW984008|k__Fungi;p__Basidiomycota;c__Wallemiomycetes;o__Wallemiales;f__Wallemiaceae;g__Wallemia;s__Wallemia_muriae|SH1371695.10FU	97.72	482	7	4	1	479	9	489	0.0	826
NODE_554_length_2720_cov_23.789633|F	MH855413|k__Fungi;p__Basidiomycota;c__Wallemiomycetes;o__Wallemiales;f__Wallemiaceae;g__Wallemia;s__Wallemia_sebi|SH1371695.10FU	97.72	483	6	5	1	479	41	522	0.0	826
NODE_554_length_2720_cov_23.789633|F	UDB045519|k__Fungi;p__Basidiomycota;c__Wallemiomycetes;o__Wallemiales;f__Wallemiaceae;g__Wallemia;s__Wallemia_sp|SH1371695.10FU	97.72	483	6	5	1	479	1	482	0.0	826
NODE_554_length_2720_cov_23.789633|F	KY322648|k__Fungi;p__Basidiomycota;c__Wallemiomycetes;o__Wallemiales;f__Wallemiaceae;g__Wallemia;s__Wallemia_muriae|SH1371695.10FU	97.72	483	6	5	1	479	58	539	0.0	826
NODE_554_length_2720_cov_23.789633|F	KJ494595|k__Fungi;p__Basidiomycota;c__Wallemiomycetes;o__Wallemiales;f__Wallemiaceae;g__Wallemia;s__Wallemia_muriae|SH1371695.10FU	97.72	482	7	4	1	479	8	488	0.0	826
NODE_554_length_2720_cov_23.789633|F	KJ494596|k__Fungi;p__Basidiomycota;c__Wallemiomycetes;o__Wallemiales;f__Wallemiaceae;g__Wallemia;s__Wallemia_muriae|SH1371695.10FU	97.72	482	7	4	1	479	8	488	0.0	826
NODE_554_length_2720_cov_23.789633|F	KJ494597|k__Fungi;p__Basidiomycota;c__Wallemiomycetes;o__Wallemiales;f__Wallemiaceae;g__Wallemia;s__Wallemia_muriae|SH1371695.10FU	97.72	482	7	4	1	479	8	488	0.0	826
NODE_554_length_2720_cov_23.789633|F	KJ494598|k__Fungi;p__Basidiomycota;c__Wallemiomycetes;o__Wallemiales;f__Wallemiaceae;g__Wallemia;s__Wallemia_muriae|SH1371695.10FU	97.72	482	7	4	1	479	8	488	0.0	826
NODE_554_length_2720_cov_23.789633|F	KJ494599|k__Fungi;p__Basidiomycota;c__Wallemiomycetes;o__Wallemiales;f__Wallemiaceae;g__Wallemia;s__Wallemia_muriae|SH1371695.10FU	97.72	482	7	4	1	479	8	488	0.0	826
NODE_554_length_2720_cov_23.789633|F	KJ494600|k__Fungi;p__Basidiomycota;c__Wallemiomycetes;o__Wallemiales;f__Wallemiaceae;g__Wallemia;s__Wallemia_muriae|SH1371695.10FU	97.72	482	7	4	1	479	8	488	0.0	826
NODE_554_length_2720_cov_23.789633|F	KJ494601|k__Fungi;p__Basidiomycota;c__Wallemiomycetes;o__Wallemiales;f__Wallemiaceae;g__Wallemia;s__Wallemia_muriae|SH1371695.10FU	97.72	482	7	4	1	479	8	488	0.0	826
NODE_554_length_2720_cov_23.789633|F	KJ494602|k__Fungi;p__Basidiomycota;c__Wallemiomycetes;o__Wallemiales;f__Wallemiaceae;g__Wallemia;s__Wallemia_muriae|SH1371695.10FU	97.72	482	7	4	1	479	8	488	0.0	826
NODE_554_length_2720_cov_23.789633|F	KJ494603|k__Fungi;p__Basidiomycota;c__Wallemiomycetes;o__Wallemiales;f__Wallemiaceae;g__Wallemia;s__Wallemia_muriae|SH1371695.10FU	97.72	482	7	4	1	479	8	488	0.0	826
NODE_554_length_2720_cov_23.789633|F	KJ494604|k__Fungi;p__Basidiomycota;c__Wallemiomycetes;o__Wallemiales;f__Wallemiaceae;g__Wallemia;s__Wallemia_muriae|SH1371695.10FU	97.72	482	7	4	1	479	8	488	0.0	826
NODE_554_length_2720_cov_23.789633|F	KJ494606|k__Fungi;p__Basidiomycota;c__Wallemiomycetes;o__Wallemiales;f__Wallemiaceae;g__Wallemia;s__Wallemia_muriae|SH1371695.10FU	97.72	483	6	5	1	479	8	489	0.0	826
NODE_554_length_2720_cov_23.789633|F	KJ494607|k__Fungi;p__Basidiomycota;c__Wallemiomycetes;o__Wallemiales;f__Wallemiaceae;g__Wallemia;s__Wallemia_muriae|SH1371695.10FU	97.72	483	6	5	1	479	8	489	0.0	826
NODE_554_length_2720_cov_23.789633|F	KJ409880|k__Fungi;p__Basidiomycota;c__Wallemiomycetes;o__Wallemiales;f__Wallemiaceae;g__Wallemia;s__Wallemia_muriae|SH1371695.10FU	97.72	483	6	5	1	479	6	487	0.0	826
NODE_554_length_2720_cov_23.789633|F	KJ409901|k__Fungi;p__Basidiomycota;c__Wallemiomycetes;o__Wallemiales;f__Wallemiaceae;g__Wallemia;s__Wallemia_muriae|SH1371695.10FU	97.72	482	7	4	1	479	6	486	0.0	826
NODE_554_length_2720_cov_23.789633|F	KJ409904|k__Fungi;p__Basidiomycota;c__Wallemiomycetes;o__Wallemiales;f__Wallemiaceae;g__Wallemia;s__Wallemia_muriae|SH1371695.10FU	97.72	482	7	4	1	479	6	486	0.0	826
NODE_554_length_2720_cov_23.789633|F	KJ409906|k__Fungi;p__Basidiomycota;c__Wallemiomycetes;o__Wallemiales;f__Wallemiaceae;g__Wallemia;s__Wallemia_muriae|SH1371695.10FU	97.72	482	7	4	1	479	6	486	0.0	826
NODE_554_length_2720_cov_23.789633|F	KJ409910|k__Fungi;p__Basidiomycota;c__Wallemiomycetes;o__Wallemiales;f__Wallemiaceae;g__Wallemia;s__Wallemia_muriae|SH1371695.10FU	97.72	483	6	5	1	479	6	487	0.0	826
NODE_554_length_2720_cov_23.789633|F	KJ409930|k__Fungi;p__Basidiomycota;c__Wallemiomycetes;o__Wallemiales;f__Wallemiaceae;g__Wallemia;s__Wallemia_muriae|SH1371695.10FU	97.72	483	6	5	1	479	6	487	0.0	826
NODE_554_length_2720_cov_23.789633|F	KJ409931|k__Fungi;p__Basidiomycota;c__Wallemiomycetes;o__Wallemiales;f__Wallemiaceae;g__Wallemia;s__Wallemia_muriae|SH1371695.10FU	97.72	482	7	4	1	479	6	486	0.0	826
NODE_554_length_2720_cov_23.789633|F	KJ409932|k__Fungi;p__Basidiomycota;c__Wallemiomycetes;o__Wallemiales;f__Wallemiaceae;g__Wallemia;s__Wallemia_muriae|SH1371695.10FU	97.72	482	7	4	1	479	6	486	0.0	826
NODE_554_length_2720_cov_23.789633|F	KJ409933|k__Fungi;p__Basidiomycota;c__Wallemiomycetes;o__Wallemiales;f__Wallemiaceae;g__Wallemia;s__Wallemia_muriae|SH1371695.10FU	97.72	483	6	5	1	479	6	487	0.0	826
NODE_554_length_2720_cov_23.789633|F	KJ409937|k__Fungi;p__Basidiomycota;c__Wallemiomycetes;o__Wallemiales;f__Wallemiaceae;g__Wallemia;s__Wallemia_muriae|SH1371695.10FU	97.72	483	6	5	1	479	6	487	0.0	826
NODE_554_length_2720_cov_23.789633|F	AY302514|k__Fungi;p__Basidiomycota;c__Wallemiomycetes;o__Wallemiales;f__Wallemiaceae;g__Wallemia;s__Wallemia_muriae|SH1371695.10FU	97.72	483	6	5	1	479	8	489	0.0	826
NODE_554_length_2720_cov_23.789633|F	FJ820491|k__Fungi;p__Basidiomycota;c__Wallemiomycetes;o__Wallemiales;f__Wallemiaceae;g__Wallemia;s__Wallemia_muriae|SH1371695.10FU	97.72	483	6	5	1	479	52	533	0.0	826
NODE_554_length_2720_cov_23.789633|F	AY302516|k__Fungi;p__Basidiomycota;c__Wallemiomycetes;o__Wallemiales;f__Wallemiaceae;g__Wallemia;s__Wallemia_muriae|SH1371695.10FU	98.51	469	4	3	1	466	8	476	0.0	824
NODE_554_length_2720_cov_23.789633|F	AY302524|k__Fungi;p__Basidiomycota;c__Wallemiomycetes;o__Wallemiales;f__Wallemiaceae;g__Wallemia;s__Wallemia_muriae|SH1371712.10FU	97.91	479	5	1	1	479	8	481	0.0	824
NODE_554_length_2720_cov_23.789633|F	KJ494609|k__Fungi;p__Basidiomycota;c__Wallemiomycetes;o__Wallemiales;f__Wallemiaceae;g__Wallemia;s__Wallemia_muriae|SH1371695.10FU	97.53	485	5	5	1	479	8	491	0.0	822
NODE_554_length_2720_cov_23.789633|F	KJ494610|k__Fungi;p__Basidiomycota;c__Wallemiomycetes;o__Wallemiales;f__Wallemiaceae;g__Wallemia;s__Wallemia_muriae|SH1371695.10FU	97.53	485	5	5	1	479	8	491	0.0	822
NODE_554_length_2720_cov_23.789633|F	KJ494611|k__Fungi;p__Basidiomycota;c__Wallemiomycetes;o__Wallemiales;f__Wallemiaceae;g__Wallemia;s__Wallemia_muriae|SH1371695.10FU	97.53	485	5	5	1	479	8	491	0.0	822
NODE_554_length_2720_cov_23.789633|F	KJ494612|k__Fungi;p__Basidiomycota;c__Wallemiomycetes;o__Wallemiales;f__Wallemiaceae;g__Wallemia;s__Wallemia_muriae|SH1371695.10FU	97.53	485	5	5	1	479	8	491	0.0	822
NODE_554_length_2720_cov_23.789633|F	KJ409921|k__Fungi;p__Basidiomycota;c__Wallemiomycetes;o__Wallemiales;f__Wallemiaceae;g__Wallemia;s__Wallemia_muriae|SH1371695.10FU	97.53	485	5	5	1	479	6	489	0.0	822
NODE_554_length_2720_cov_23.789633|F	KJ409922|k__Fungi;p__Basidiomycota;c__Wallemiomycetes;o__Wallemiales;f__Wallemiaceae;g__Wallemia;s__Wallemia_muriae|SH1371695.10FU	97.53	485	5	5	1	479	6	489	0.0	822
NODE_554_length_2720_cov_23.789633|F	AY863022|k__Fungi;p__Basidiomycota;c__Wallemiomycetes;o__Wallemiales;f__Wallemiaceae;g__Wallemia;s__Wallemia_muriae|SH1371695.10FU	97.53	485	5	6	1	479	1	484	0.0	822
NODE_554_length_2720_cov_23.789633|F	MZ650933|k__Fungi;p__Basidiomycota;c__Wallemiomycetes;o__Wallemiales;f__Wallemiales_fam_Incertae_sedis;g__Wallemiales_gen_Incertae_sedis;s__Wallemiales_sp|SH1371712.10FU	97.71	480	5	2	1	479	69	543	0.0	821
NODE_554_length_2720_cov_23.789633|F	LC015741|k__Fungi;p__Basidiomycota;c__Wallemiomycetes;o__Wallemiales;f__Wallemiaceae;g__Wallemia;s__Wallemia_muriae|SH1371695.10FU	97.52	483	7	5	1	479	47	528	0.0	821
NODE_554_length_2720_cov_23.789633|F	KJ494605|k__Fungi;p__Basidiomycota;c__Wallemiomycetes;o__Wallemiales;f__Wallemiaceae;g__Wallemia;s__Wallemia_muriae|SH1371695.10FU	97.52	483	7	5	1	479	8	489	0.0	821
NODE_554_length_2720_cov_23.789633|F	KJ494608|k__Fungi;p__Basidiomycota;c__Wallemiomycetes;o__Wallemiales;f__Wallemiaceae;g__Wallemia;s__Wallemia_muriae|SH1371695.10FU	97.52	483	7	5	1	479	8	489	0.0	821
NODE_554_length_2720_cov_23.789633|F	UDB07365642|k__Fungi;p__Basidiomycota;c__Wallemiomycetes;o__Wallemiales;f__Wallemiaceae;g__Wallemia;s__Wallemia_sp|SH1371712.10FU	97.70	479	5	2	1	478	1	474	0.0	819
NODE_554_length_2720_cov_23.789633|F	KX911850|k__Fungi;p__Basidiomycota;c__Wallemiomycetes;o__Wallemiales;f__Wallemiaceae;g__Wallemia;s__Wallemia_muriae|SH1371695.10FU	97.33	486	5	5	1	479	20	504	0.0	819
NODE_554_length_2720_cov_23.789633|F	AY302529|k__Fungi;p__Basidiomycota;c__Wallemiomycetes;o__Wallemiales;f__Wallemiaceae;g__Wallemia;s__Wallemia_muriae|SH1371695.10FU	97.33	486	5	6	1	479	8	492	0.0	819
NODE_554_length_2720_cov_23.789633|F	MW288062|k__Fungi;p__Basidiomycota;c__Wallemiomycetes;o__Wallemiales;f__Wallemiaceae;g__Wallemia;s__Wallemia_sp|SH1371712.10FU	97.51	482	4	4	1	479	55	531	0.0	817
NODE_554_length_2720_cov_23.789633|F	MW288063|k__Fungi;p__Basidiomycota;c__Wallemiomycetes;o__Wallemiales;f__Wallemiaceae;g__Wallemia;s__Wallemia_sp|SH1371712.10FU	97.51	482	4	4	1	479	56	532	0.0	817
NODE_554_length_2720_cov_23.789633|F	MW288067|k__Fungi;p__Basidiomycota;c__Wallemiomycetes;o__Wallemiales;f__Wallemiaceae;g__Wallemia;s__Wallemia_sp|SH1371712.10FU	97.51	482	4	4	1	479	56	532	0.0	817
NODE_554_length_2720_cov_23.789633|F	MW214953|k__Fungi;p__Basidiomycota;c__Wallemiomycetes;o__Wallemiales;f__Wallemiaceae;g__Wallemia;s__Wallemia_sp|SH1371712.10FU	97.51	482	4	4	1	479	54	530	0.0	817
